method,graph_size,num_vehicles,time_limit,mean_cost,std_cost,mean_distance,std_distance,mean_makespan,std_makespan
n2s,50,2,0.764951,12.717832207679749,0.6332688537039218,8.394464200362563,0.42572997628997866,4.32336800545454,0.2464802297759854
mc,50,2,24.498409313207958,32.364326383918524,1.5335065172456857,21.207209803164005,1.051608909861918,11.157116580754519,0.6374137963470252
ortools_light,50,2,15,13.570522071793675,0.800956255722677,8.190329579636455,1.0335885462506123,5.380192492157221,1.1635215846069218
ortools_full,50,2,30,14.46443328075111,1.2533099613023488,7.887796562165022,0.8227789071898381,6.576636718586087,1.4242237764231371
ortools_full,50,2,60,13.680086670443416,1.0302893404971105,7.841358454898,0.8484031009410614,5.838728215545416,1.3992545363488555
ortools_full,50,2,120,13.35509923286736,0.925015610549253,7.91588899679482,0.8990133497157461,5.43921023607254,1.3004222860342864
ortools_full,50,2,240,13.033619737252593,0.834354027628123,8.01837631687522,0.8387200612948859,5.015243420377374,1.1517916255416938
n2s,50,5,1.080571,23.314896658062935,1.2231040609408448,11.197021514177322,0.857167074214504,3.029468790628016,0.25383669076434495
mc,50,5,25.788176365138497,46.01944770663977,2.8637216179496536,23.448302261531353,1.5755514590244692,5.642786361277103,0.4498203458857049
ortools_light,50,5,15,23.867825971916318,1.4811738326084412,10.67930363304913,1.0812160361898284,3.297130584716797,0.398160274493637
ortools_full,50,5,30,27.36675852537155,5.5733276478400615,10.035760164260864,1.254067520775338,4.332749590277672,1.5647458688033296
ortools_full,50,5,60,23.76890611462295,1.6692409061780382,10.414207546040416,0.9976093987125737,3.3386746421456337,0.48121483258077474
ortools_full,50,5,120,23.11480662599206,1.2700653102708104,10.55651831254363,0.9200695561561638,3.1395720783621073,0.33427357087543763
ortools_full,50,5,240,22.885695956647396,1.1614730734828629,10.647664174437523,0.8846302069915432,3.0595079455524683,0.2822533516087198
n2s,100,2,0.906933,17.617242574691772,0.6282263548532037,11.671855639666319,0.41930466418392376,5.945386897772551,0.2305982770427961
mc,100,2,60.362215821805876,68.41790006309748,2.4726955830091057,45.004064202308655,1.6766575862013366,23.413835860788822,1.0652183401664022
ortools_light,100,2,15,20.035451915115118,0.8914258857686566,11.880329325795174,1.7358927569145814,8.155122589319944,1.624075489458203
ortools_full,100,2,30,47.66290073096752,6.559181205999767,23.83145036548376,3.2795906029998836,23.83145036548376,3.2795906029998836
ortools_full,100,2,900,21.90256184898317,2.159286199975489,11.20291106030345,1.0670616250888383,10.699650788679719,1.6175676569856392
ortools_full,100,2,1800,19.868905898183584,1.2529630766495972,10.531240321695805,0.8858604227699014,9.33766557648778,1.666395081281338
n2s,100,5,0.842910,30.35579326748848,1.1374224246166649,16.37651415169239,0.6323389243583687,3.494819799438119,0.14706960671088773
mc,100,5,50.9599850285158,90.67570149898529,3.730498224869738,47.45229475200176,2.1262781134086755,10.805851686745882,0.5644426700951369
ortools_light,100,5,15,35.33292147889733,2.3179620309421405,15.429216884076595,1.2791328723185527,4.9759261487051845,0.6045867405214745
ortools_full,100,5,30,117.92768928408623,16.352000556584834,23.5917067527771,3.2716192588262882,23.583995632827282,3.2703775612382464
ortools_full,100,5,900,44.19035876914859,13.819860944020252,13.615221362560987,1.61343124096592,7.6437843516469,3.740144150553742
ortools_full,100,5,1800,30.914589751511812,2.379871558276614,14.508235227316618,1.0904795080905503,4.101588631048799,0.7351502808281172
